"arrival_date_month","country","important_event","city_bookings","resort_bookings"
"October","PRT","Great Britain surpases France in ammount of bookings, additionally, the ammount of people in Portugal going to resorts has increased slightly surpasing Great Britain.<br><br>The ammount of french people booking City Hotel grow increasing the disparities between the ammount of bookings between the two hotels.",838,346
"September","PRT","Tourism continues to grow, but resort bookings are decreasing in Portugal.<br><br>However, bookings from Great Britain have increase to the point that they have surpased Spain and have become the country with most Resort Hotel Bookings, even above Portugal.",733,207
"August","PRT","France and Italy surpass Great Britain in ammount of bookings and we can notice that, unlike in July, most foreign countries are booking City Hotel.",373,513
"July","PRT","The Portuguese beach soccerteam became world champions, beating Tahiti 5-3. The final was held in Espinho , Portugal, the host country that year.<br><br>This gives portugal visibility<br><br>At this point turism mainly comes from Portugal, Spain, and Great Britain; and most people in these countries book Resort Hotel.",375,438
"November","PRT","A <a href=""https://es.wikipedia.org/wiki/Atentados_de_Par%C3%ADs_de_noviembre_de_2015"">terrorist attack</a> takes place on Paris reducing turism globally due to fear. This decrease is specially noticeable in Great Britain which stops being the second country with most bookings.",348,414
"December","PRT","The ammount of bookings from Spain slightly increases with almost no difference in ammount between City and Resort Hotel<br><br>Even with the devastating hit that the terrorist attack brought to turism, Portugal passes the 10 million foreign visitors per year mark.",282,444
"August","ESP","France and Italy surpass Great Britain in ammount of bookings and we can notice that, unlike in July, most foreign countries are booking City Hotel.",288,161
"October","GBR","Great Britain surpases France in ammount of bookings, additionally, the ammount of people in Portugal going to resorts has increased slightly surpasing Great Britain.<br><br>The ammount of french people booking City Hotel grow increasing the disparities between the ammount of bookings between the two hotels.",97,333
"December","ESP","The ammount of bookings from Spain slightly increases with almost no difference in ammount between City and Resort Hotel<br><br>Even with the devastating hit that the terrorist attack brought to turism, Portugal passes the 10 million foreign visitors per year mark.",199,195
"September","FRA","Tourism continues to grow, but resort bookings are decreasing in Portugal.<br><br>However, bookings from Great Britain have increase to the point that they have surpased Spain and have become the country with most Resort Hotel Bookings, even above Portugal.",233,125
"October","FRA","Great Britain surpases France in ammount of bookings, additionally, the ammount of people in Portugal going to resorts has increased slightly surpasing Great Britain.<br><br>The ammount of french people booking City Hotel grow increasing the disparities between the ammount of bookings between the two hotels.",252,68
"September","GBR","Tourism continues to grow, but resort bookings are decreasing in Portugal.<br><br>However, bookings from Great Britain have increase to the point that they have surpased Spain and have become the country with most Resort Hotel Bookings, even above Portugal.",74,226
"September","ESP","Tourism continues to grow, but resort bookings are decreasing in Portugal.<br><br>However, bookings from Great Britain have increase to the point that they have surpased Spain and have become the country with most Resort Hotel Bookings, even above Portugal.",210,89
"October","ESP","Great Britain surpases France in ammount of bookings, additionally, the ammount of people in Portugal going to resorts has increased slightly surpasing Great Britain.<br><br>The ammount of french people booking City Hotel grow increasing the disparities between the ammount of bookings between the two hotels.",120,132
"November","FRA","A <a href=""https://es.wikipedia.org/wiki/Atentados_de_Par%C3%ADs_de_noviembre_de_2015"">terrorist attack</a> takes place on Paris reducing turism globally due to fear. This decrease is specially noticeable in Great Britain which stops being the second country with most bookings.",183,41
"December","FRA","The ammount of bookings from Spain slightly increases with almost no difference in ammount between City and Resort Hotel<br><br>Even with the devastating hit that the terrorist attack brought to turism, Portugal passes the 10 million foreign visitors per year mark.",164,27
"November","ESP","A <a href=""https://es.wikipedia.org/wiki/Atentados_de_Par%C3%ADs_de_noviembre_de_2015"">terrorist attack</a> takes place on Paris reducing turism globally due to fear. This decrease is specially noticeable in Great Britain which stops being the second country with most bookings.",53,137
"July","ESP","The Portuguese beach soccerteam became world champions, beating Tahiti 5-3. The final was held in Espinho , Portugal, the host country that year.<br><br>This gives portugal visibility<br><br>At this point turism mainly comes from Portugal, Spain, and Great Britain; and most people in these countries book Resort Hotel.",16,168
"August","FRA","France and Italy surpass Great Britain in ammount of bookings and we can notice that, unlike in July, most foreign countries are booking City Hotel.",137,41
"October","DEU","Great Britain surpases France in ammount of bookings, additionally, the ammount of people in Portugal going to resorts has increased slightly surpasing Great Britain.<br><br>The ammount of french people booking City Hotel grow increasing the disparities between the ammount of bookings between the two hotels.",135,22
"July","GBR","The Portuguese beach soccerteam became world champions, beating Tahiti 5-3. The final was held in Espinho , Portugal, the host country that year.<br><br>This gives portugal visibility<br><br>At this point turism mainly comes from Portugal, Spain, and Great Britain; and most people in these countries book Resort Hotel.",3,141
"September","IRL","Tourism continues to grow, but resort bookings are decreasing in Portugal.<br><br>However, bookings from Great Britain have increase to the point that they have surpased Spain and have become the country with most Resort Hotel Bookings, even above Portugal.",10,124
"August","ITA","France and Italy surpass Great Britain in ammount of bookings and we can notice that, unlike in July, most foreign countries are booking City Hotel.",121,9
"November","GBR","A <a href=""https://es.wikipedia.org/wiki/Atentados_de_Par%C3%ADs_de_noviembre_de_2015"">terrorist attack</a> takes place on Paris reducing turism globally due to fear. This decrease is specially noticeable in Great Britain which stops being the second country with most bookings.",33,95
"September","DEU","Tourism continues to grow, but resort bookings are decreasing in Portugal.<br><br>However, bookings from Great Britain have increase to the point that they have surpased Spain and have become the country with most Resort Hotel Bookings, even above Portugal.",92,34
"December","GBR","The ammount of bookings from Spain slightly increases with almost no difference in ammount between City and Resort Hotel<br><br>Even with the devastating hit that the terrorist attack brought to turism, Portugal passes the 10 million foreign visitors per year mark.",25,94
"September","ITA","Tourism continues to grow, but resort bookings are decreasing in Portugal.<br><br>However, bookings from Great Britain have increase to the point that they have surpased Spain and have become the country with most Resort Hotel Bookings, even above Portugal.",92,22
"August","GBR","France and Italy surpass Great Britain in ammount of bookings and we can notice that, unlike in July, most foreign countries are booking City Hotel.",11,98
"October","IRL","Great Britain surpases France in ammount of bookings, additionally, the ammount of people in Portugal going to resorts has increased slightly surpasing Great Britain.<br><br>The ammount of french people booking City Hotel grow increasing the disparities between the ammount of bookings between the two hotels.",25,62
"October","ISR","Great Britain surpases France in ammount of bookings, additionally, the ammount of people in Portugal going to resorts has increased slightly surpasing Great Britain.<br><br>The ammount of french people booking City Hotel grow increasing the disparities between the ammount of bookings between the two hotels.",79,1
"November","DEU","A <a href=""https://es.wikipedia.org/wiki/Atentados_de_Par%C3%ADs_de_noviembre_de_2015"">terrorist attack</a> takes place on Paris reducing turism globally due to fear. This decrease is specially noticeable in Great Britain which stops being the second country with most bookings.",53,21
"October","ITA","Great Britain surpases France in ammount of bookings, additionally, the ammount of people in Portugal going to resorts has increased slightly surpasing Great Britain.<br><br>The ammount of french people booking City Hotel grow increasing the disparities between the ammount of bookings between the two hotels.",68,5
"August","IRL","France and Italy surpass Great Britain in ammount of bookings and we can notice that, unlike in July, most foreign countries are booking City Hotel.",3,68
"July","IRL","The Portuguese beach soccerteam became world champions, beating Tahiti 5-3. The final was held in Espinho , Portugal, the host country that year.<br><br>This gives portugal visibility<br><br>At this point turism mainly comes from Portugal, Spain, and Great Britain; and most people in these countries book Resort Hotel.",0,70
"August","DEU","France and Italy surpass Great Britain in ammount of bookings and we can notice that, unlike in July, most foreign countries are booking City Hotel.",67,2
"September","CN","Tourism continues to grow, but resort bookings are decreasing in Portugal.<br><br>However, bookings from Great Britain have increase to the point that they have surpased Spain and have become the country with most Resort Hotel Bookings, even above Portugal.",34,34
"September","SWE","Tourism continues to grow, but resort bookings are decreasing in Portugal.<br><br>However, bookings from Great Britain have increase to the point that they have surpased Spain and have become the country with most Resort Hotel Bookings, even above Portugal.",54,12
"October","NLD","Great Britain surpases France in ammount of bookings, additionally, the ammount of people in Portugal going to resorts has increased slightly surpasing Great Britain.<br><br>The ammount of french people booking City Hotel grow increasing the disparities between the ammount of bookings between the two hotels.",38,20
"December","ITA","The ammount of bookings from Spain slightly increases with almost no difference in ammount between City and Resort Hotel<br><br>Even with the devastating hit that the terrorist attack brought to turism, Portugal passes the 10 million foreign visitors per year mark.",45,12
"September","USA","Tourism continues to grow, but resort bookings are decreasing in Portugal.<br><br>However, bookings from Great Britain have increase to the point that they have surpased Spain and have become the country with most Resort Hotel Bookings, even above Portugal.",47,10
"September","BEL","Tourism continues to grow, but resort bookings are decreasing in Portugal.<br><br>However, bookings from Great Britain have increase to the point that they have surpased Spain and have become the country with most Resort Hotel Bookings, even above Portugal.",37,17
"December","DEU","The ammount of bookings from Spain slightly increases with almost no difference in ammount between City and Resort Hotel<br><br>Even with the devastating hit that the terrorist attack brought to turism, Portugal passes the 10 million foreign visitors per year mark.",29,24
"September","NLD","Tourism continues to grow, but resort bookings are decreasing in Portugal.<br><br>However, bookings from Great Britain have increase to the point that they have surpased Spain and have become the country with most Resort Hotel Bookings, even above Portugal.",29,24
"October","BEL","Great Britain surpases France in ammount of bookings, additionally, the ammount of people in Portugal going to resorts has increased slightly surpasing Great Britain.<br><br>The ammount of french people booking City Hotel grow increasing the disparities between the ammount of bookings between the two hotels.",27,24
"October","USA","Great Britain surpases France in ammount of bookings, additionally, the ammount of people in Portugal going to resorts has increased slightly surpasing Great Britain.<br><br>The ammount of french people booking City Hotel grow increasing the disparities between the ammount of bookings between the two hotels.",42,9
"November","AUT","A <a href=""https://es.wikipedia.org/wiki/Atentados_de_Par%C3%ADs_de_noviembre_de_2015"">terrorist attack</a> takes place on Paris reducing turism globally due to fear. This decrease is specially noticeable in Great Britain which stops being the second country with most bookings.",16,29
"August","RUS","France and Italy surpass Great Britain in ammount of bookings and we can notice that, unlike in July, most foreign countries are booking City Hotel.",32,11
"September","BRA","Tourism continues to grow, but resort bookings are decreasing in Portugal.<br><br>However, bookings from Great Britain have increase to the point that they have surpased Spain and have become the country with most Resort Hotel Bookings, even above Portugal.",30,7
"December","IRL","The ammount of bookings from Spain slightly increases with almost no difference in ammount between City and Resort Hotel<br><br>Even with the devastating hit that the terrorist attack brought to turism, Portugal passes the 10 million foreign visitors per year mark.",4,32
"November","NLD","A <a href=""https://es.wikipedia.org/wiki/Atentados_de_Par%C3%ADs_de_noviembre_de_2015"">terrorist attack</a> takes place on Paris reducing turism globally due to fear. This decrease is specially noticeable in Great Britain which stops being the second country with most bookings.",15,20
"October","SWE","Great Britain surpases France in ammount of bookings, additionally, the ammount of people in Portugal going to resorts has increased slightly surpasing Great Britain.<br><br>The ammount of french people booking City Hotel grow increasing the disparities between the ammount of bookings between the two hotels.",30,4
"October","CHE","Great Britain surpases France in ammount of bookings, additionally, the ammount of people in Portugal going to resorts has increased slightly surpasing Great Britain.<br><br>The ammount of french people booking City Hotel grow increasing the disparities between the ammount of bookings between the two hotels.",23,10
"October","BRA","Great Britain surpases France in ammount of bookings, additionally, the ammount of people in Portugal going to resorts has increased slightly surpasing Great Britain.<br><br>The ammount of french people booking City Hotel grow increasing the disparities between the ammount of bookings between the two hotels.",28,2
"September","CHE","Tourism continues to grow, but resort bookings are decreasing in Portugal.<br><br>However, bookings from Great Britain have increase to the point that they have surpased Spain and have become the country with most Resort Hotel Bookings, even above Portugal.",17,13
"December","BEL","The ammount of bookings from Spain slightly increases with almost no difference in ammount between City and Resort Hotel<br><br>Even with the devastating hit that the terrorist attack brought to turism, Portugal passes the 10 million foreign visitors per year mark.",22,7
"November","ITA","A <a href=""https://es.wikipedia.org/wiki/Atentados_de_Par%C3%ADs_de_noviembre_de_2015"">terrorist attack</a> takes place on Paris reducing turism globally due to fear. This decrease is specially noticeable in Great Britain which stops being the second country with most bookings.",19,10
"October","POL","Great Britain surpases France in ammount of bookings, additionally, the ammount of people in Portugal going to resorts has increased slightly surpasing Great Britain.<br><br>The ammount of french people booking City Hotel grow increasing the disparities between the ammount of bookings between the two hotels.",23,6
"November","BEL","A <a href=""https://es.wikipedia.org/wiki/Atentados_de_Par%C3%ADs_de_noviembre_de_2015"">terrorist attack</a> takes place on Paris reducing turism globally due to fear. This decrease is specially noticeable in Great Britain which stops being the second country with most bookings.",18,10
"August","ISR","France and Italy surpass Great Britain in ammount of bookings and we can notice that, unlike in July, most foreign countries are booking City Hotel.",25,0
"August","BEL","France and Italy surpass Great Britain in ammount of bookings and we can notice that, unlike in July, most foreign countries are booking City Hotel.",18,6
"August","NLD","France and Italy surpass Great Britain in ammount of bookings and we can notice that, unlike in July, most foreign countries are booking City Hotel.",12,12
"July","BRA","The Portuguese beach soccerteam became world champions, beating Tahiti 5-3. The final was held in Espinho , Portugal, the host country that year.<br><br>This gives portugal visibility<br><br>At this point turism mainly comes from Portugal, Spain, and Great Britain; and most people in these countries book Resort Hotel.",9,15
"September","DNK","Tourism continues to grow, but resort bookings are decreasing in Portugal.<br><br>However, bookings from Great Britain have increase to the point that they have surpased Spain and have become the country with most Resort Hotel Bookings, even above Portugal.",23,1
"August","USA","France and Italy surpass Great Britain in ammount of bookings and we can notice that, unlike in July, most foreign countries are booking City Hotel.",4,18
"December","BRA","The ammount of bookings from Spain slightly increases with almost no difference in ammount between City and Resort Hotel<br><br>Even with the devastating hit that the terrorist attack brought to turism, Portugal passes the 10 million foreign visitors per year mark.",15,7
"September","RUS","Tourism continues to grow, but resort bookings are decreasing in Portugal.<br><br>However, bookings from Great Britain have increase to the point that they have surpased Spain and have become the country with most Resort Hotel Bookings, even above Portugal.",17,4
"December","AUT","The ammount of bookings from Spain slightly increases with almost no difference in ammount between City and Resort Hotel<br><br>Even with the devastating hit that the terrorist attack brought to turism, Portugal passes the 10 million foreign visitors per year mark.",19,1
"December","CHE","The ammount of bookings from Spain slightly increases with almost no difference in ammount between City and Resort Hotel<br><br>Even with the devastating hit that the terrorist attack brought to turism, Portugal passes the 10 million foreign visitors per year mark.",14,6
"July","FRA","The Portuguese beach soccerteam became world champions, beating Tahiti 5-3. The final was held in Espinho , Portugal, the host country that year.<br><br>This gives portugal visibility<br><br>At this point turism mainly comes from Portugal, Spain, and Great Britain; and most people in these countries book Resort Hotel.",2,18
"November","IRL","A <a href=""https://es.wikipedia.org/wiki/Atentados_de_Par%C3%ADs_de_noviembre_de_2015"">terrorist attack</a> takes place on Paris reducing turism globally due to fear. This decrease is specially noticeable in Great Britain which stops being the second country with most bookings.",5,15
"August","CHE","France and Italy surpass Great Britain in ammount of bookings and we can notice that, unlike in July, most foreign countries are booking City Hotel.",7,12
"July","CN","The Portuguese beach soccerteam became world champions, beating Tahiti 5-3. The final was held in Espinho , Portugal, the host country that year.<br><br>This gives portugal visibility<br><br>At this point turism mainly comes from Portugal, Spain, and Great Britain; and most people in these countries book Resort Hotel.",0,19
"September","AGO","Tourism continues to grow, but resort bookings are decreasing in Portugal.<br><br>However, bookings from Great Britain have increase to the point that they have surpased Spain and have become the country with most Resort Hotel Bookings, even above Portugal.",19,0
"July","DEU","The Portuguese beach soccerteam became world champions, beating Tahiti 5-3. The final was held in Espinho , Portugal, the host country that year.<br><br>This gives portugal visibility<br><br>At this point turism mainly comes from Portugal, Spain, and Great Britain; and most people in these countries book Resort Hotel.",6,12
"September","AUT","Tourism continues to grow, but resort bookings are decreasing in Portugal.<br><br>However, bookings from Great Britain have increase to the point that they have surpased Spain and have become the country with most Resort Hotel Bookings, even above Portugal.",14,4
"August","POL","France and Italy surpass Great Britain in ammount of bookings and we can notice that, unlike in July, most foreign countries are booking City Hotel.",11,6
"December","USA","The ammount of bookings from Spain slightly increases with almost no difference in ammount between City and Resort Hotel<br><br>Even with the devastating hit that the terrorist attack brought to turism, Portugal passes the 10 million foreign visitors per year mark.",12,5
"July","CHE","The Portuguese beach soccerteam became world champions, beating Tahiti 5-3. The final was held in Espinho , Portugal, the host country that year.<br><br>This gives portugal visibility<br><br>At this point turism mainly comes from Portugal, Spain, and Great Britain; and most people in these countries book Resort Hotel.",0,17
"July","USA","The Portuguese beach soccerteam became world champions, beating Tahiti 5-3. The final was held in Espinho , Portugal, the host country that year.<br><br>This gives portugal visibility<br><br>At this point turism mainly comes from Portugal, Spain, and Great Britain; and most people in these countries book Resort Hotel.",0,17
"November","POL","A <a href=""https://es.wikipedia.org/wiki/Atentados_de_Par%C3%ADs_de_noviembre_de_2015"">terrorist attack</a> takes place on Paris reducing turism globally due to fear. This decrease is specially noticeable in Great Britain which stops being the second country with most bookings.",7,10
"October","AUT","Great Britain surpases France in ammount of bookings, additionally, the ammount of people in Portugal going to resorts has increased slightly surpasing Great Britain.<br><br>The ammount of french people booking City Hotel grow increasing the disparities between the ammount of bookings between the two hotels.",12,5
"October","FIN","Great Britain surpases France in ammount of bookings, additionally, the ammount of people in Portugal going to resorts has increased slightly surpasing Great Britain.<br><br>The ammount of french people booking City Hotel grow increasing the disparities between the ammount of bookings between the two hotels.",10,7
"December","NLD","The ammount of bookings from Spain slightly increases with almost no difference in ammount between City and Resort Hotel<br><br>Even with the devastating hit that the terrorist attack brought to turism, Portugal passes the 10 million foreign visitors per year mark.",7,9
"November","BRA","A <a href=""https://es.wikipedia.org/wiki/Atentados_de_Par%C3%ADs_de_noviembre_de_2015"">terrorist attack</a> takes place on Paris reducing turism globally due to fear. This decrease is specially noticeable in Great Britain which stops being the second country with most bookings.",8,8
"November","USA","A <a href=""https://es.wikipedia.org/wiki/Atentados_de_Par%C3%ADs_de_noviembre_de_2015"">terrorist attack</a> takes place on Paris reducing turism globally due to fear. This decrease is specially noticeable in Great Britain which stops being the second country with most bookings.",11,5
"October","DZA","Great Britain surpases France in ammount of bookings, additionally, the ammount of people in Portugal going to resorts has increased slightly surpasing Great Britain.<br><br>The ammount of french people booking City Hotel grow increasing the disparities between the ammount of bookings between the two hotels.",16,0
"July","ITA","The Portuguese beach soccerteam became world champions, beating Tahiti 5-3. The final was held in Espinho , Portugal, the host country that year.<br><br>This gives portugal visibility<br><br>At this point turism mainly comes from Portugal, Spain, and Great Britain; and most people in these countries book Resort Hotel.",7,8
"November","CHE","A <a href=""https://es.wikipedia.org/wiki/Atentados_de_Par%C3%ADs_de_noviembre_de_2015"">terrorist attack</a> takes place on Paris reducing turism globally due to fear. This decrease is specially noticeable in Great Britain which stops being the second country with most bookings.",8,7
"September","POL","Tourism continues to grow, but resort bookings are decreasing in Portugal.<br><br>However, bookings from Great Britain have increase to the point that they have surpased Spain and have become the country with most Resort Hotel Bookings, even above Portugal.",6,9
"August","AGO","France and Italy surpass Great Britain in ammount of bookings and we can notice that, unlike in July, most foreign countries are booking City Hotel.",14,0
"August","BRA","France and Italy surpass Great Britain in ammount of bookings and we can notice that, unlike in July, most foreign countries are booking City Hotel.",5,9
"August","ROU","France and Italy surpass Great Britain in ammount of bookings and we can notice that, unlike in July, most foreign countries are booking City Hotel.",2,12
"July","NLD","The Portuguese beach soccerteam became world champions, beating Tahiti 5-3. The final was held in Espinho , Portugal, the host country that year.<br><br>This gives portugal visibility<br><br>At this point turism mainly comes from Portugal, Spain, and Great Britain; and most people in these countries book Resort Hotel.",1,13
"October","CN","Great Britain surpases France in ammount of bookings, additionally, the ammount of people in Portugal going to resorts has increased slightly surpasing Great Britain.<br><br>The ammount of french people booking City Hotel grow increasing the disparities between the ammount of bookings between the two hotels.",10,4
"September","NOR","Tourism continues to grow, but resort bookings are decreasing in Portugal.<br><br>However, bookings from Great Britain have increase to the point that they have surpased Spain and have become the country with most Resort Hotel Bookings, even above Portugal.",11,3
"October","TUR","Great Britain surpases France in ammount of bookings, additionally, the ammount of people in Portugal going to resorts has increased slightly surpasing Great Britain.<br><br>The ammount of french people booking City Hotel grow increasing the disparities between the ammount of bookings between the two hotels.",11,2
"September","LUX","Tourism continues to grow, but resort bookings are decreasing in Portugal.<br><br>However, bookings from Great Britain have increase to the point that they have surpased Spain and have become the country with most Resort Hotel Bookings, even above Portugal.",12,1
"September","GRC","Tourism continues to grow, but resort bookings are decreasing in Portugal.<br><br>However, bookings from Great Britain have increase to the point that they have surpased Spain and have become the country with most Resort Hotel Bookings, even above Portugal.",12,0
"December","CHN","The ammount of bookings from Spain slightly increases with almost no difference in ammount between City and Resort Hotel<br><br>Even with the devastating hit that the terrorist attack brought to turism, Portugal passes the 10 million foreign visitors per year mark.",7,4
"July","ROU","The Portuguese beach soccerteam became world champions, beating Tahiti 5-3. The final was held in Espinho , Portugal, the host country that year.<br><br>This gives portugal visibility<br><br>At this point turism mainly comes from Portugal, Spain, and Great Britain; and most people in these countries book Resort Hotel.",1,10
"December","POL","The ammount of bookings from Spain slightly increases with almost no difference in ammount between City and Resort Hotel<br><br>Even with the devastating hit that the terrorist attack brought to turism, Portugal passes the 10 million foreign visitors per year mark.",5,5
"November","IND","A <a href=""https://es.wikipedia.org/wiki/Atentados_de_Par%C3%ADs_de_noviembre_de_2015"">terrorist attack</a> takes place on Paris reducing turism globally due to fear. This decrease is specially noticeable in Great Britain which stops being the second country with most bookings.",10,0
"October","CZE","Great Britain surpases France in ammount of bookings, additionally, the ammount of people in Portugal going to resorts has increased slightly surpasing Great Britain.<br><br>The ammount of french people booking City Hotel grow increasing the disparities between the ammount of bookings between the two hotels.",10,0
"October","NOR","Great Britain surpases France in ammount of bookings, additionally, the ammount of people in Portugal going to resorts has increased slightly surpasing Great Britain.<br><br>The ammount of french people booking City Hotel grow increasing the disparities between the ammount of bookings between the two hotels.",9,1
"October","ROU","Great Britain surpases France in ammount of bookings, additionally, the ammount of people in Portugal going to resorts has increased slightly surpasing Great Britain.<br><br>The ammount of french people booking City Hotel grow increasing the disparities between the ammount of bookings between the two hotels.",9,1
"September","AUS","Tourism continues to grow, but resort bookings are decreasing in Portugal.<br><br>However, bookings from Great Britain have increase to the point that they have surpased Spain and have become the country with most Resort Hotel Bookings, even above Portugal.",7,3
"September","CHN","Tourism continues to grow, but resort bookings are decreasing in Portugal.<br><br>However, bookings from Great Britain have increase to the point that they have surpased Spain and have become the country with most Resort Hotel Bookings, even above Portugal.",9,1
"September","ROU","Tourism continues to grow, but resort bookings are decreasing in Portugal.<br><br>However, bookings from Great Britain have increase to the point that they have surpased Spain and have become the country with most Resort Hotel Bookings, even above Portugal.",8,2
"August","MAR","France and Italy surpass Great Britain in ammount of bookings and we can notice that, unlike in July, most foreign countries are booking City Hotel.",6,3
"July","NOR","The Portuguese beach soccerteam became world champions, beating Tahiti 5-3. The final was held in Espinho , Portugal, the host country that year.<br><br>This gives portugal visibility<br><br>At this point turism mainly comes from Portugal, Spain, and Great Britain; and most people in these countries book Resort Hotel.",0,9
"November","FIN","A <a href=""https://es.wikipedia.org/wiki/Atentados_de_Par%C3%ADs_de_noviembre_de_2015"">terrorist attack</a> takes place on Paris reducing turism globally due to fear. This decrease is specially noticeable in Great Britain which stops being the second country with most bookings.",3,6
"September","ISR","Tourism continues to grow, but resort bookings are decreasing in Portugal.<br><br>However, bookings from Great Britain have increase to the point that they have surpased Spain and have become the country with most Resort Hotel Bookings, even above Portugal.",9,0
"September","LVA","Tourism continues to grow, but resort bookings are decreasing in Portugal.<br><br>However, bookings from Great Britain have increase to the point that they have surpased Spain and have become the country with most Resort Hotel Bookings, even above Portugal.",0,9
"August","CN","France and Italy surpass Great Britain in ammount of bookings and we can notice that, unlike in July, most foreign countries are booking City Hotel.",1,7
"August","NOR","France and Italy surpass Great Britain in ammount of bookings and we can notice that, unlike in July, most foreign countries are booking City Hotel.",4,4
"December","JPN","The ammount of bookings from Spain slightly increases with almost no difference in ammount between City and Resort Hotel<br><br>Even with the devastating hit that the terrorist attack brought to turism, Portugal passes the 10 million foreign visitors per year mark.",6,2
"July","BEL","The Portuguese beach soccerteam became world champions, beating Tahiti 5-3. The final was held in Espinho , Portugal, the host country that year.<br><br>This gives portugal visibility<br><br>At this point turism mainly comes from Portugal, Spain, and Great Britain; and most people in these countries book Resort Hotel.",0,8
"July","SWE","The Portuguese beach soccerteam became world champions, beating Tahiti 5-3. The final was held in Espinho , Portugal, the host country that year.<br><br>This gives portugal visibility<br><br>At this point turism mainly comes from Portugal, Spain, and Great Britain; and most people in these countries book Resort Hotel.",1,7
"November","CZE","A <a href=""https://es.wikipedia.org/wiki/Atentados_de_Par%C3%ADs_de_noviembre_de_2015"">terrorist attack</a> takes place on Paris reducing turism globally due to fear. This decrease is specially noticeable in Great Britain which stops being the second country with most bookings.",3,5
"November","RUS","A <a href=""https://es.wikipedia.org/wiki/Atentados_de_Par%C3%ADs_de_noviembre_de_2015"">terrorist attack</a> takes place on Paris reducing turism globally due to fear. This decrease is specially noticeable in Great Britain which stops being the second country with most bookings.",1,7
"October","HUN","Great Britain surpases France in ammount of bookings, additionally, the ammount of people in Portugal going to resorts has increased slightly surpasing Great Britain.<br><br>The ammount of french people booking City Hotel grow increasing the disparities between the ammount of bookings between the two hotels.",7,1
"September","CZE","Tourism continues to grow, but resort bookings are decreasing in Portugal.<br><br>However, bookings from Great Britain have increase to the point that they have surpased Spain and have become the country with most Resort Hotel Bookings, even above Portugal.",3,5
"September","IRN","Tourism continues to grow, but resort bookings are decreasing in Portugal.<br><br>However, bookings from Great Britain have increase to the point that they have surpased Spain and have become the country with most Resort Hotel Bookings, even above Portugal.",8,0
"December","RUS","The ammount of bookings from Spain slightly increases with almost no difference in ammount between City and Resort Hotel<br><br>Even with the devastating hit that the terrorist attack brought to turism, Portugal passes the 10 million foreign visitors per year mark.",4,3
"July","POL","The Portuguese beach soccerteam became world champions, beating Tahiti 5-3. The final was held in Espinho , Portugal, the host country that year.<br><br>This gives portugal visibility<br><br>At this point turism mainly comes from Portugal, Spain, and Great Britain; and most people in these countries book Resort Hotel.",0,7
"November","ISR","A <a href=""https://es.wikipedia.org/wiki/Atentados_de_Par%C3%ADs_de_noviembre_de_2015"">terrorist attack</a> takes place on Paris reducing turism globally due to fear. This decrease is specially noticeable in Great Britain which stops being the second country with most bookings.",7,0
"November","SWE","A <a href=""https://es.wikipedia.org/wiki/Atentados_de_Par%C3%ADs_de_noviembre_de_2015"">terrorist attack</a> takes place on Paris reducing turism globally due to fear. This decrease is specially noticeable in Great Britain which stops being the second country with most bookings.",5,2
"November","TUR","A <a href=""https://es.wikipedia.org/wiki/Atentados_de_Par%C3%ADs_de_noviembre_de_2015"">terrorist attack</a> takes place on Paris reducing turism globally due to fear. This decrease is specially noticeable in Great Britain which stops being the second country with most bookings.",7,0
"October","JPN","Great Britain surpases France in ammount of bookings, additionally, the ammount of people in Portugal going to resorts has increased slightly surpasing Great Britain.<br><br>The ammount of french people booking City Hotel grow increasing the disparities between the ammount of bookings between the two hotels.",7,0
"October","RUS","Great Britain surpases France in ammount of bookings, additionally, the ammount of people in Portugal going to resorts has increased slightly surpasing Great Britain.<br><br>The ammount of french people booking City Hotel grow increasing the disparities between the ammount of bookings between the two hotels.",6,1
"September","JPN","Tourism continues to grow, but resort bookings are decreasing in Portugal.<br><br>However, bookings from Great Britain have increase to the point that they have surpased Spain and have become the country with most Resort Hotel Bookings, even above Portugal.",7,0
"August","AUT","France and Italy surpass Great Britain in ammount of bookings and we can notice that, unlike in July, most foreign countries are booking City Hotel.",5,1
"August","CHN","France and Italy surpass Great Britain in ammount of bookings and we can notice that, unlike in July, most foreign countries are booking City Hotel.",4,2
"December","CN","The ammount of bookings from Spain slightly increases with almost no difference in ammount between City and Resort Hotel<br><br>Even with the devastating hit that the terrorist attack brought to turism, Portugal passes the 10 million foreign visitors per year mark.",5,1
"July","FIN","The Portuguese beach soccerteam became world champions, beating Tahiti 5-3. The final was held in Espinho , Portugal, the host country that year.<br><br>This gives portugal visibility<br><br>At this point turism mainly comes from Portugal, Spain, and Great Britain; and most people in these countries book Resort Hotel.",0,6
"July","RUS","The Portuguese beach soccerteam became world champions, beating Tahiti 5-3. The final was held in Espinho , Portugal, the host country that year.<br><br>This gives portugal visibility<br><br>At this point turism mainly comes from Portugal, Spain, and Great Britain; and most people in these countries book Resort Hotel.",0,6
"November","HUN","A <a href=""https://es.wikipedia.org/wiki/Atentados_de_Par%C3%ADs_de_noviembre_de_2015"">terrorist attack</a> takes place on Paris reducing turism globally due to fear. This decrease is specially noticeable in Great Britain which stops being the second country with most bookings.",4,2
"November","JOR","A <a href=""https://es.wikipedia.org/wiki/Atentados_de_Par%C3%ADs_de_noviembre_de_2015"">terrorist attack</a> takes place on Paris reducing turism globally due to fear. This decrease is specially noticeable in Great Britain which stops being the second country with most bookings.",6,0
"October","ARG","Great Britain surpases France in ammount of bookings, additionally, the ammount of people in Portugal going to resorts has increased slightly surpasing Great Britain.<br><br>The ammount of french people booking City Hotel grow increasing the disparities between the ammount of bookings between the two hotels.",3,3
"October","DNK","Great Britain surpases France in ammount of bookings, additionally, the ammount of people in Portugal going to resorts has increased slightly surpasing Great Britain.<br><br>The ammount of french people booking City Hotel grow increasing the disparities between the ammount of bookings between the two hotels.",5,1
"October","GRC","Great Britain surpases France in ammount of bookings, additionally, the ammount of people in Portugal going to resorts has increased slightly surpasing Great Britain.<br><br>The ammount of french people booking City Hotel grow increasing the disparities between the ammount of bookings between the two hotels.",6,0
"October","IRQ","Great Britain surpases France in ammount of bookings, additionally, the ammount of people in Portugal going to resorts has increased slightly surpasing Great Britain.<br><br>The ammount of french people booking City Hotel grow increasing the disparities between the ammount of bookings between the two hotels.",6,0
"September","LTU","Tourism continues to grow, but resort bookings are decreasing in Portugal.<br><br>However, bookings from Great Britain have increase to the point that they have surpased Spain and have become the country with most Resort Hotel Bookings, even above Portugal.",1,5
"August","SWE","France and Italy surpass Great Britain in ammount of bookings and we can notice that, unlike in July, most foreign countries are booking City Hotel.",3,2
"December","FIN","The ammount of bookings from Spain slightly increases with almost no difference in ammount between City and Resort Hotel<br><br>Even with the devastating hit that the terrorist attack brought to turism, Portugal passes the 10 million foreign visitors per year mark.",2,3
"December","SWE","The ammount of bookings from Spain slightly increases with almost no difference in ammount between City and Resort Hotel<br><br>Even with the devastating hit that the terrorist attack brought to turism, Portugal passes the 10 million foreign visitors per year mark.",2,3
"July","CHN","The Portuguese beach soccerteam became world champions, beating Tahiti 5-3. The final was held in Espinho , Portugal, the host country that year.<br><br>This gives portugal visibility<br><br>At this point turism mainly comes from Portugal, Spain, and Great Britain; and most people in these countries book Resort Hotel.",0,5
"July","DNK","The Portuguese beach soccerteam became world champions, beating Tahiti 5-3. The final was held in Espinho , Portugal, the host country that year.<br><br>This gives portugal visibility<br><br>At this point turism mainly comes from Portugal, Spain, and Great Britain; and most people in these countries book Resort Hotel.",0,5
"November","DZA","A <a href=""https://es.wikipedia.org/wiki/Atentados_de_Par%C3%ADs_de_noviembre_de_2015"">terrorist attack</a> takes place on Paris reducing turism globally due to fear. This decrease is specially noticeable in Great Britain which stops being the second country with most bookings.",3,2
"October","AUS","Great Britain surpases France in ammount of bookings, additionally, the ammount of people in Portugal going to resorts has increased slightly surpasing Great Britain.<br><br>The ammount of french people booking City Hotel grow increasing the disparities between the ammount of bookings between the two hotels.",3,2
"October","LUX","Great Britain surpases France in ammount of bookings, additionally, the ammount of people in Portugal going to resorts has increased slightly surpasing Great Britain.<br><br>The ammount of french people booking City Hotel grow increasing the disparities between the ammount of bookings between the two hotels.",1,4
"September","HUN","Tourism continues to grow, but resort bookings are decreasing in Portugal.<br><br>However, bookings from Great Britain have increase to the point that they have surpased Spain and have become the country with most Resort Hotel Bookings, even above Portugal.",3,2
"September","IND","Tourism continues to grow, but resort bookings are decreasing in Portugal.<br><br>However, bookings from Great Britain have increase to the point that they have surpased Spain and have become the country with most Resort Hotel Bookings, even above Portugal.",4,1
"August","AUS","France and Italy surpass Great Britain in ammount of bookings and we can notice that, unlike in July, most foreign countries are booking City Hotel.",3,1
"August","LUX","France and Italy surpass Great Britain in ammount of bookings and we can notice that, unlike in July, most foreign countries are booking City Hotel.",1,3
"August","MEX","France and Italy surpass Great Britain in ammount of bookings and we can notice that, unlike in July, most foreign countries are booking City Hotel.",3,1
"December","CRI","The ammount of bookings from Spain slightly increases with almost no difference in ammount between City and Resort Hotel<br><br>Even with the devastating hit that the terrorist attack brought to turism, Portugal passes the 10 million foreign visitors per year mark.",2,2
"December","UKR","The ammount of bookings from Spain slightly increases with almost no difference in ammount between City and Resort Hotel<br><br>Even with the devastating hit that the terrorist attack brought to turism, Portugal passes the 10 million foreign visitors per year mark.",4,0
"November","AGO","A <a href=""https://es.wikipedia.org/wiki/Atentados_de_Par%C3%ADs_de_noviembre_de_2015"">terrorist attack</a> takes place on Paris reducing turism globally due to fear. This decrease is specially noticeable in Great Britain which stops being the second country with most bookings.",4,0
"November","AUS","A <a href=""https://es.wikipedia.org/wiki/Atentados_de_Par%C3%ADs_de_noviembre_de_2015"">terrorist attack</a> takes place on Paris reducing turism globally due to fear. This decrease is specially noticeable in Great Britain which stops being the second country with most bookings.",2,2
"November","CHL","A <a href=""https://es.wikipedia.org/wiki/Atentados_de_Par%C3%ADs_de_noviembre_de_2015"">terrorist attack</a> takes place on Paris reducing turism globally due to fear. This decrease is specially noticeable in Great Britain which stops being the second country with most bookings.",3,1
"November","GIB","A <a href=""https://es.wikipedia.org/wiki/Atentados_de_Par%C3%ADs_de_noviembre_de_2015"">terrorist attack</a> takes place on Paris reducing turism globally due to fear. This decrease is specially noticeable in Great Britain which stops being the second country with most bookings.",0,4
"November","GRC","A <a href=""https://es.wikipedia.org/wiki/Atentados_de_Par%C3%ADs_de_noviembre_de_2015"">terrorist attack</a> takes place on Paris reducing turism globally due to fear. This decrease is specially noticeable in Great Britain which stops being the second country with most bookings.",3,1
"November","KOR","A <a href=""https://es.wikipedia.org/wiki/Atentados_de_Par%C3%ADs_de_noviembre_de_2015"">terrorist attack</a> takes place on Paris reducing turism globally due to fear. This decrease is specially noticeable in Great Britain which stops being the second country with most bookings.",4,0
"November","MEX","A <a href=""https://es.wikipedia.org/wiki/Atentados_de_Par%C3%ADs_de_noviembre_de_2015"">terrorist attack</a> takes place on Paris reducing turism globally due to fear. This decrease is specially noticeable in Great Britain which stops being the second country with most bookings.",3,1
"November","NOR","A <a href=""https://es.wikipedia.org/wiki/Atentados_de_Par%C3%ADs_de_noviembre_de_2015"">terrorist attack</a> takes place on Paris reducing turism globally due to fear. This decrease is specially noticeable in Great Britain which stops being the second country with most bookings.",2,2
"October","CHN","Great Britain surpases France in ammount of bookings, additionally, the ammount of people in Portugal going to resorts has increased slightly surpasing Great Britain.<br><br>The ammount of french people booking City Hotel grow increasing the disparities between the ammount of bookings between the two hotels.",4,0
"October","LTU","Great Britain surpases France in ammount of bookings, additionally, the ammount of people in Portugal going to resorts has increased slightly surpasing Great Britain.<br><br>The ammount of french people booking City Hotel grow increasing the disparities between the ammount of bookings between the two hotels.",1,3
"October","SVN","Great Britain surpases France in ammount of bookings, additionally, the ammount of people in Portugal going to resorts has increased slightly surpasing Great Britain.<br><br>The ammount of french people booking City Hotel grow increasing the disparities between the ammount of bookings between the two hotels.",4,0
"September","BLR","Tourism continues to grow, but resort bookings are decreasing in Portugal.<br><br>However, bookings from Great Britain have increase to the point that they have surpased Spain and have become the country with most Resort Hotel Bookings, even above Portugal.",3,1
"September","FIN","Tourism continues to grow, but resort bookings are decreasing in Portugal.<br><br>However, bookings from Great Britain have increase to the point that they have surpased Spain and have become the country with most Resort Hotel Bookings, even above Portugal.",4,0
"September","NZL","Tourism continues to grow, but resort bookings are decreasing in Portugal.<br><br>However, bookings from Great Britain have increase to the point that they have surpased Spain and have become the country with most Resort Hotel Bookings, even above Portugal.",4,0
"August","SVN","France and Italy surpass Great Britain in ammount of bookings and we can notice that, unlike in July, most foreign countries are booking City Hotel.",0,3
"December","AGO","The ammount of bookings from Spain slightly increases with almost no difference in ammount between City and Resort Hotel<br><br>Even with the devastating hit that the terrorist attack brought to turism, Portugal passes the 10 million foreign visitors per year mark.",3,0
"December","LTU","The ammount of bookings from Spain slightly increases with almost no difference in ammount between City and Resort Hotel<br><br>Even with the devastating hit that the terrorist attack brought to turism, Portugal passes the 10 million foreign visitors per year mark.",0,3
"December","LUX","The ammount of bookings from Spain slightly increases with almost no difference in ammount between City and Resort Hotel<br><br>Even with the devastating hit that the terrorist attack brought to turism, Portugal passes the 10 million foreign visitors per year mark.",3,0
"December","MAR","The ammount of bookings from Spain slightly increases with almost no difference in ammount between City and Resort Hotel<br><br>Even with the devastating hit that the terrorist attack brought to turism, Portugal passes the 10 million foreign visitors per year mark.",1,2
"December","MEX","The ammount of bookings from Spain slightly increases with almost no difference in ammount between City and Resort Hotel<br><br>Even with the devastating hit that the terrorist attack brought to turism, Portugal passes the 10 million foreign visitors per year mark.",3,0
"December","ROU","The ammount of bookings from Spain slightly increases with almost no difference in ammount between City and Resort Hotel<br><br>Even with the devastating hit that the terrorist attack brought to turism, Portugal passes the 10 million foreign visitors per year mark.",3,0
"December","SGP","The ammount of bookings from Spain slightly increases with almost no difference in ammount between City and Resort Hotel<br><br>Even with the devastating hit that the terrorist attack brought to turism, Portugal passes the 10 million foreign visitors per year mark.",3,0
"July","AUT","The Portuguese beach soccerteam became world champions, beating Tahiti 5-3. The final was held in Espinho , Portugal, the host country that year.<br><br>This gives portugal visibility<br><br>At this point turism mainly comes from Portugal, Spain, and Great Britain; and most people in these countries book Resort Hotel.",0,3
"July","ISR","The Portuguese beach soccerteam became world champions, beating Tahiti 5-3. The final was held in Espinho , Portugal, the host country that year.<br><br>This gives portugal visibility<br><br>At this point turism mainly comes from Portugal, Spain, and Great Britain; and most people in these countries book Resort Hotel.",0,3
"July","LUX","The Portuguese beach soccerteam became world champions, beating Tahiti 5-3. The final was held in Espinho , Portugal, the host country that year.<br><br>This gives portugal visibility<br><br>At this point turism mainly comes from Portugal, Spain, and Great Britain; and most people in these countries book Resort Hotel.",0,3
"November","BLR","A <a href=""https://es.wikipedia.org/wiki/Atentados_de_Par%C3%ADs_de_noviembre_de_2015"">terrorist attack</a> takes place on Paris reducing turism globally due to fear. This decrease is specially noticeable in Great Britain which stops being the second country with most bookings.",2,1
"November","CHN","A <a href=""https://es.wikipedia.org/wiki/Atentados_de_Par%C3%ADs_de_noviembre_de_2015"">terrorist attack</a> takes place on Paris reducing turism globally due to fear. This decrease is specially noticeable in Great Britain which stops being the second country with most bookings.",3,0
"November","CN","A <a href=""https://es.wikipedia.org/wiki/Atentados_de_Par%C3%ADs_de_noviembre_de_2015"">terrorist attack</a> takes place on Paris reducing turism globally due to fear. This decrease is specially noticeable in Great Britain which stops being the second country with most bookings.",1,2
"November","EGY","A <a href=""https://es.wikipedia.org/wiki/Atentados_de_Par%C3%ADs_de_noviembre_de_2015"">terrorist attack</a> takes place on Paris reducing turism globally due to fear. This decrease is specially noticeable in Great Britain which stops being the second country with most bookings.",3,0
"November","JPN","A <a href=""https://es.wikipedia.org/wiki/Atentados_de_Par%C3%ADs_de_noviembre_de_2015"">terrorist attack</a> takes place on Paris reducing turism globally due to fear. This decrease is specially noticeable in Great Britain which stops being the second country with most bookings.",3,0
"November","MAR","A <a href=""https://es.wikipedia.org/wiki/Atentados_de_Par%C3%ADs_de_noviembre_de_2015"">terrorist attack</a> takes place on Paris reducing turism globally due to fear. This decrease is specially noticeable in Great Britain which stops being the second country with most bookings.",3,0
"November","ROU","A <a href=""https://es.wikipedia.org/wiki/Atentados_de_Par%C3%ADs_de_noviembre_de_2015"">terrorist attack</a> takes place on Paris reducing turism globally due to fear. This decrease is specially noticeable in Great Britain which stops being the second country with most bookings.",3,0
"October","AGO","Great Britain surpases France in ammount of bookings, additionally, the ammount of people in Portugal going to resorts has increased slightly surpasing Great Britain.<br><br>The ammount of french people booking City Hotel grow increasing the disparities between the ammount of bookings between the two hotels.",3,0
"October","IND","Great Britain surpases France in ammount of bookings, additionally, the ammount of people in Portugal going to resorts has increased slightly surpasing Great Britain.<br><br>The ammount of french people booking City Hotel grow increasing the disparities between the ammount of bookings between the two hotels.",2,1
"October","LBN","Great Britain surpases France in ammount of bookings, additionally, the ammount of people in Portugal going to resorts has increased slightly surpasing Great Britain.<br><br>The ammount of french people booking City Hotel grow increasing the disparities between the ammount of bookings between the two hotels.",3,0
"October","LVA","Great Britain surpases France in ammount of bookings, additionally, the ammount of people in Portugal going to resorts has increased slightly surpasing Great Britain.<br><br>The ammount of french people booking City Hotel grow increasing the disparities between the ammount of bookings between the two hotels.",0,3
"October","MEX","Great Britain surpases France in ammount of bookings, additionally, the ammount of people in Portugal going to resorts has increased slightly surpasing Great Britain.<br><br>The ammount of french people booking City Hotel grow increasing the disparities between the ammount of bookings between the two hotels.",2,1
"October","MYS","Great Britain surpases France in ammount of bookings, additionally, the ammount of people in Portugal going to resorts has increased slightly surpasing Great Britain.<br><br>The ammount of french people booking City Hotel grow increasing the disparities between the ammount of bookings between the two hotels.",2,1
"October","VEN","Great Britain surpases France in ammount of bookings, additionally, the ammount of people in Portugal going to resorts has increased slightly surpasing Great Britain.<br><br>The ammount of french people booking City Hotel grow increasing the disparities between the ammount of bookings between the two hotels.",3,0
"September","KOR","Tourism continues to grow, but resort bookings are decreasing in Portugal.<br><br>However, bookings from Great Britain have increase to the point that they have surpased Spain and have become the country with most Resort Hotel Bookings, even above Portugal.",3,0
"September","MEX","Tourism continues to grow, but resort bookings are decreasing in Portugal.<br><br>However, bookings from Great Britain have increase to the point that they have surpased Spain and have become the country with most Resort Hotel Bookings, even above Portugal.",3,0
"September","TUR","Tourism continues to grow, but resort bookings are decreasing in Portugal.<br><br>However, bookings from Great Britain have increase to the point that they have surpased Spain and have become the country with most Resort Hotel Bookings, even above Portugal.",3,0
"September","UKR","Tourism continues to grow, but resort bookings are decreasing in Portugal.<br><br>However, bookings from Great Britain have increase to the point that they have surpased Spain and have become the country with most Resort Hotel Bookings, even above Portugal.",2,1
"August","ARG","France and Italy surpass Great Britain in ammount of bookings and we can notice that, unlike in July, most foreign countries are booking City Hotel.",0,2
"August","BGR","France and Italy surpass Great Britain in ammount of bookings and we can notice that, unlike in July, most foreign countries are booking City Hotel.",2,0
"August","DNK","France and Italy surpass Great Britain in ammount of bookings and we can notice that, unlike in July, most foreign countries are booking City Hotel.",1,1
"August","DZA","France and Italy surpass Great Britain in ammount of bookings and we can notice that, unlike in July, most foreign countries are booking City Hotel.",2,0
"August","MOZ","France and Italy surpass Great Britain in ammount of bookings and we can notice that, unlike in July, most foreign countries are booking City Hotel.",2,0
"August","TUN","France and Italy surpass Great Britain in ammount of bookings and we can notice that, unlike in July, most foreign countries are booking City Hotel.",2,0
"December","AUS","The ammount of bookings from Spain slightly increases with almost no difference in ammount between City and Resort Hotel<br><br>Even with the devastating hit that the terrorist attack brought to turism, Portugal passes the 10 million foreign visitors per year mark.",0,2
"December","DZA","The ammount of bookings from Spain slightly increases with almost no difference in ammount between City and Resort Hotel<br><br>Even with the devastating hit that the terrorist attack brought to turism, Portugal passes the 10 million foreign visitors per year mark.",1,1
"December","KOR","The ammount of bookings from Spain slightly increases with almost no difference in ammount between City and Resort Hotel<br><br>Even with the devastating hit that the terrorist attack brought to turism, Portugal passes the 10 million foreign visitors per year mark.",1,1
"December","MUS","The ammount of bookings from Spain slightly increases with almost no difference in ammount between City and Resort Hotel<br><br>Even with the devastating hit that the terrorist attack brought to turism, Portugal passes the 10 million foreign visitors per year mark.",2,0
"December","TUR","The ammount of bookings from Spain slightly increases with almost no difference in ammount between City and Resort Hotel<br><br>Even with the devastating hit that the terrorist attack brought to turism, Portugal passes the 10 million foreign visitors per year mark.",1,1
"July","ARG","The Portuguese beach soccerteam became world champions, beating Tahiti 5-3. The final was held in Espinho , Portugal, the host country that year.<br><br>This gives portugal visibility<br><br>At this point turism mainly comes from Portugal, Spain, and Great Britain; and most people in these countries book Resort Hotel.",0,2
"July","AUS","The Portuguese beach soccerteam became world champions, beating Tahiti 5-3. The final was held in Espinho , Portugal, the host country that year.<br><br>This gives portugal visibility<br><br>At this point turism mainly comes from Portugal, Spain, and Great Britain; and most people in these countries book Resort Hotel.",0,2
"July","MOZ","The Portuguese beach soccerteam became world champions, beating Tahiti 5-3. The final was held in Espinho , Portugal, the host country that year.<br><br>This gives portugal visibility<br><br>At this point turism mainly comes from Portugal, Spain, and Great Britain; and most people in these countries book Resort Hotel.",0,2
"November","DNK","A <a href=""https://es.wikipedia.org/wiki/Atentados_de_Par%C3%ADs_de_noviembre_de_2015"">terrorist attack</a> takes place on Paris reducing turism globally due to fear. This decrease is specially noticeable in Great Britain which stops being the second country with most bookings.",2,0
"November","HRV","A <a href=""https://es.wikipedia.org/wiki/Atentados_de_Par%C3%ADs_de_noviembre_de_2015"">terrorist attack</a> takes place on Paris reducing turism globally due to fear. This decrease is specially noticeable in Great Britain which stops being the second country with most bookings.",2,0
"November","IRN","A <a href=""https://es.wikipedia.org/wiki/Atentados_de_Par%C3%ADs_de_noviembre_de_2015"">terrorist attack</a> takes place on Paris reducing turism globally due to fear. This decrease is specially noticeable in Great Britain which stops being the second country with most bookings.",2,0
"November","IRQ","A <a href=""https://es.wikipedia.org/wiki/Atentados_de_Par%C3%ADs_de_noviembre_de_2015"">terrorist attack</a> takes place on Paris reducing turism globally due to fear. This decrease is specially noticeable in Great Britain which stops being the second country with most bookings.",2,0
"November","LBN","A <a href=""https://es.wikipedia.org/wiki/Atentados_de_Par%C3%ADs_de_noviembre_de_2015"">terrorist attack</a> takes place on Paris reducing turism globally due to fear. This decrease is specially noticeable in Great Britain which stops being the second country with most bookings.",2,0
"November","LTU","A <a href=""https://es.wikipedia.org/wiki/Atentados_de_Par%C3%ADs_de_noviembre_de_2015"">terrorist attack</a> takes place on Paris reducing turism globally due to fear. This decrease is specially noticeable in Great Britain which stops being the second country with most bookings.",0,2
"November","LUX","A <a href=""https://es.wikipedia.org/wiki/Atentados_de_Par%C3%ADs_de_noviembre_de_2015"">terrorist attack</a> takes place on Paris reducing turism globally due to fear. This decrease is specially noticeable in Great Britain which stops being the second country with most bookings.",1,1
"November","MYS","A <a href=""https://es.wikipedia.org/wiki/Atentados_de_Par%C3%ADs_de_noviembre_de_2015"">terrorist attack</a> takes place on Paris reducing turism globally due to fear. This decrease is specially noticeable in Great Britain which stops being the second country with most bookings.",2,0
"November","NZL","A <a href=""https://es.wikipedia.org/wiki/Atentados_de_Par%C3%ADs_de_noviembre_de_2015"">terrorist attack</a> takes place on Paris reducing turism globally due to fear. This decrease is specially noticeable in Great Britain which stops being the second country with most bookings.",2,0
"November","PER","A <a href=""https://es.wikipedia.org/wiki/Atentados_de_Par%C3%ADs_de_noviembre_de_2015"">terrorist attack</a> takes place on Paris reducing turism globally due to fear. This decrease is specially noticeable in Great Britain which stops being the second country with most bookings.",2,0
"November","SVK","A <a href=""https://es.wikipedia.org/wiki/Atentados_de_Par%C3%ADs_de_noviembre_de_2015"">terrorist attack</a> takes place on Paris reducing turism globally due to fear. This decrease is specially noticeable in Great Britain which stops being the second country with most bookings.",2,0
"November","UKR","A <a href=""https://es.wikipedia.org/wiki/Atentados_de_Par%C3%ADs_de_noviembre_de_2015"">terrorist attack</a> takes place on Paris reducing turism globally due to fear. This decrease is specially noticeable in Great Britain which stops being the second country with most bookings.",0,2
"November","VEN","A <a href=""https://es.wikipedia.org/wiki/Atentados_de_Par%C3%ADs_de_noviembre_de_2015"">terrorist attack</a> takes place on Paris reducing turism globally due to fear. This decrease is specially noticeable in Great Britain which stops being the second country with most bookings.",0,2
"October","CHL","Great Britain surpases France in ammount of bookings, additionally, the ammount of people in Portugal going to resorts has increased slightly surpasing Great Britain.<br><br>The ammount of french people booking City Hotel grow increasing the disparities between the ammount of bookings between the two hotels.",1,1
"October","CMR","Great Britain surpases France in ammount of bookings, additionally, the ammount of people in Portugal going to resorts has increased slightly surpasing Great Britain.<br><br>The ammount of french people booking City Hotel grow increasing the disparities between the ammount of bookings between the two hotels.",2,0
"October","COL","Great Britain surpases France in ammount of bookings, additionally, the ammount of people in Portugal going to resorts has increased slightly surpasing Great Britain.<br><br>The ammount of french people booking City Hotel grow increasing the disparities between the ammount of bookings between the two hotels.",1,1
"October","DOM","Great Britain surpases France in ammount of bookings, additionally, the ammount of people in Portugal going to resorts has increased slightly surpasing Great Britain.<br><br>The ammount of french people booking City Hotel grow increasing the disparities between the ammount of bookings between the two hotels.",1,1
"October","HRV","Great Britain surpases France in ammount of bookings, additionally, the ammount of people in Portugal going to resorts has increased slightly surpasing Great Britain.<br><br>The ammount of french people booking City Hotel grow increasing the disparities between the ammount of bookings between the two hotels.",2,0
"October","KOR","Great Britain surpases France in ammount of bookings, additionally, the ammount of people in Portugal going to resorts has increased slightly surpasing Great Britain.<br><br>The ammount of french people booking City Hotel grow increasing the disparities between the ammount of bookings between the two hotels.",2,0
"October","MAR","Great Britain surpases France in ammount of bookings, additionally, the ammount of people in Portugal going to resorts has increased slightly surpasing Great Britain.<br><br>The ammount of french people booking City Hotel grow increasing the disparities between the ammount of bookings between the two hotels.",1,1
"October","SAU","Great Britain surpases France in ammount of bookings, additionally, the ammount of people in Portugal going to resorts has increased slightly surpasing Great Britain.<br><br>The ammount of french people booking City Hotel grow increasing the disparities between the ammount of bookings between the two hotels.",2,0
"October","SRB","Great Britain surpases France in ammount of bookings, additionally, the ammount of people in Portugal going to resorts has increased slightly surpasing Great Britain.<br><br>The ammount of french people booking City Hotel grow increasing the disparities between the ammount of bookings between the two hotels.",2,0
"September","ARG","Tourism continues to grow, but resort bookings are decreasing in Portugal.<br><br>However, bookings from Great Britain have increase to the point that they have surpased Spain and have become the country with most Resort Hotel Bookings, even above Portugal.",1,1
"September","AZE","Tourism continues to grow, but resort bookings are decreasing in Portugal.<br><br>However, bookings from Great Britain have increase to the point that they have surpased Spain and have become the country with most Resort Hotel Bookings, even above Portugal.",2,0
"September","EST","Tourism continues to grow, but resort bookings are decreasing in Portugal.<br><br>However, bookings from Great Britain have increase to the point that they have surpased Spain and have become the country with most Resort Hotel Bookings, even above Portugal.",0,2
"September","HRV","Tourism continues to grow, but resort bookings are decreasing in Portugal.<br><br>However, bookings from Great Britain have increase to the point that they have surpased Spain and have become the country with most Resort Hotel Bookings, even above Portugal.",2,0
"September","KAZ","Tourism continues to grow, but resort bookings are decreasing in Portugal.<br><br>However, bookings from Great Britain have increase to the point that they have surpased Spain and have become the country with most Resort Hotel Bookings, even above Portugal.",2,0
"September","LBN","Tourism continues to grow, but resort bookings are decreasing in Portugal.<br><br>However, bookings from Great Britain have increase to the point that they have surpased Spain and have become the country with most Resort Hotel Bookings, even above Portugal.",2,0
"September","MAR","Tourism continues to grow, but resort bookings are decreasing in Portugal.<br><br>However, bookings from Great Britain have increase to the point that they have surpased Spain and have become the country with most Resort Hotel Bookings, even above Portugal.",2,0
"September","SRB","Tourism continues to grow, but resort bookings are decreasing in Portugal.<br><br>However, bookings from Great Britain have increase to the point that they have surpased Spain and have become the country with most Resort Hotel Bookings, even above Portugal.",1,1
"September","SVK","Tourism continues to grow, but resort bookings are decreasing in Portugal.<br><br>However, bookings from Great Britain have increase to the point that they have surpased Spain and have become the country with most Resort Hotel Bookings, even above Portugal.",2,0
"September","SVN","Tourism continues to grow, but resort bookings are decreasing in Portugal.<br><br>However, bookings from Great Britain have increase to the point that they have surpased Spain and have become the country with most Resort Hotel Bookings, even above Portugal.",2,0
"September","TUN","Tourism continues to grow, but resort bookings are decreasing in Portugal.<br><br>However, bookings from Great Britain have increase to the point that they have surpased Spain and have become the country with most Resort Hotel Bookings, even above Portugal.",2,0
"September","TWN","Tourism continues to grow, but resort bookings are decreasing in Portugal.<br><br>However, bookings from Great Britain have increase to the point that they have surpased Spain and have become the country with most Resort Hotel Bookings, even above Portugal.",2,0
"August","COL","France and Italy surpass Great Britain in ammount of bookings and we can notice that, unlike in July, most foreign countries are booking City Hotel.",1,0
"August","FIN","France and Italy surpass Great Britain in ammount of bookings and we can notice that, unlike in July, most foreign countries are booking City Hotel.",1,0
"August","GRC","France and Italy surpass Great Britain in ammount of bookings and we can notice that, unlike in July, most foreign countries are booking City Hotel.",1,0
"August","HRV","France and Italy surpass Great Britain in ammount of bookings and we can notice that, unlike in July, most foreign countries are booking City Hotel.",1,0
"August","IND","France and Italy surpass Great Britain in ammount of bookings and we can notice that, unlike in July, most foreign countries are booking City Hotel.",0,1
"August","KAZ","France and Italy surpass Great Britain in ammount of bookings and we can notice that, unlike in July, most foreign countries are booking City Hotel.",0,1
"August","LVA","France and Italy surpass Great Britain in ammount of bookings and we can notice that, unlike in July, most foreign countries are booking City Hotel.",1,0
"August","NZL","France and Italy surpass Great Britain in ammount of bookings and we can notice that, unlike in July, most foreign countries are booking City Hotel.",0,1
"August","STP","France and Italy surpass Great Britain in ammount of bookings and we can notice that, unlike in July, most foreign countries are booking City Hotel.",1,0
"August","UKR","France and Italy surpass Great Britain in ammount of bookings and we can notice that, unlike in July, most foreign countries are booking City Hotel.",1,0
"August","VEN","France and Italy surpass Great Britain in ammount of bookings and we can notice that, unlike in July, most foreign countries are booking City Hotel.",1,0
"December","ALB","The ammount of bookings from Spain slightly increases with almost no difference in ammount between City and Resort Hotel<br><br>Even with the devastating hit that the terrorist attack brought to turism, Portugal passes the 10 million foreign visitors per year mark.",1,0
"December","ARG","The ammount of bookings from Spain slightly increases with almost no difference in ammount between City and Resort Hotel<br><br>Even with the devastating hit that the terrorist attack brought to turism, Portugal passes the 10 million foreign visitors per year mark.",1,0
"December","BLR","The ammount of bookings from Spain slightly increases with almost no difference in ammount between City and Resort Hotel<br><br>Even with the devastating hit that the terrorist attack brought to turism, Portugal passes the 10 million foreign visitors per year mark.",1,0
"December","CZE","The ammount of bookings from Spain slightly increases with almost no difference in ammount between City and Resort Hotel<br><br>Even with the devastating hit that the terrorist attack brought to turism, Portugal passes the 10 million foreign visitors per year mark.",0,1
"December","ECU","The ammount of bookings from Spain slightly increases with almost no difference in ammount between City and Resort Hotel<br><br>Even with the devastating hit that the terrorist attack brought to turism, Portugal passes the 10 million foreign visitors per year mark.",1,0
"December","EGY","The ammount of bookings from Spain slightly increases with almost no difference in ammount between City and Resort Hotel<br><br>Even with the devastating hit that the terrorist attack brought to turism, Portugal passes the 10 million foreign visitors per year mark.",1,0
"December","ETH","The ammount of bookings from Spain slightly increases with almost no difference in ammount between City and Resort Hotel<br><br>Even with the devastating hit that the terrorist attack brought to turism, Portugal passes the 10 million foreign visitors per year mark.",1,0
"December","GRC","The ammount of bookings from Spain slightly increases with almost no difference in ammount between City and Resort Hotel<br><br>Even with the devastating hit that the terrorist attack brought to turism, Portugal passes the 10 million foreign visitors per year mark.",1,0
"December","IND","The ammount of bookings from Spain slightly increases with almost no difference in ammount between City and Resort Hotel<br><br>Even with the devastating hit that the terrorist attack brought to turism, Portugal passes the 10 million foreign visitors per year mark.",0,1
"December","IRQ","The ammount of bookings from Spain slightly increases with almost no difference in ammount between City and Resort Hotel<br><br>Even with the devastating hit that the terrorist attack brought to turism, Portugal passes the 10 million foreign visitors per year mark.",1,0
"December","LKA","The ammount of bookings from Spain slightly increases with almost no difference in ammount between City and Resort Hotel<br><br>Even with the devastating hit that the terrorist attack brought to turism, Portugal passes the 10 million foreign visitors per year mark.",0,1
"December","NGA","The ammount of bookings from Spain slightly increases with almost no difference in ammount between City and Resort Hotel<br><br>Even with the devastating hit that the terrorist attack brought to turism, Portugal passes the 10 million foreign visitors per year mark.",0,1
"December","PHL","The ammount of bookings from Spain slightly increases with almost no difference in ammount between City and Resort Hotel<br><br>Even with the devastating hit that the terrorist attack brought to turism, Portugal passes the 10 million foreign visitors per year mark.",1,0
"December","SRB","The ammount of bookings from Spain slightly increases with almost no difference in ammount between City and Resort Hotel<br><br>Even with the devastating hit that the terrorist attack brought to turism, Portugal passes the 10 million foreign visitors per year mark.",1,0
"December","THA","The ammount of bookings from Spain slightly increases with almost no difference in ammount between City and Resort Hotel<br><br>Even with the devastating hit that the terrorist attack brought to turism, Portugal passes the 10 million foreign visitors per year mark.",1,0
"December","TMP","The ammount of bookings from Spain slightly increases with almost no difference in ammount between City and Resort Hotel<br><br>Even with the devastating hit that the terrorist attack brought to turism, Portugal passes the 10 million foreign visitors per year mark.",1,0
"December","TUN","The ammount of bookings from Spain slightly increases with almost no difference in ammount between City and Resort Hotel<br><br>Even with the devastating hit that the terrorist attack brought to turism, Portugal passes the 10 million foreign visitors per year mark.",1,0
"December","TWN","The ammount of bookings from Spain slightly increases with almost no difference in ammount between City and Resort Hotel<br><br>Even with the devastating hit that the terrorist attack brought to turism, Portugal passes the 10 million foreign visitors per year mark.",1,0
"December","ZAF","The ammount of bookings from Spain slightly increases with almost no difference in ammount between City and Resort Hotel<br><br>Even with the devastating hit that the terrorist attack brought to turism, Portugal passes the 10 million foreign visitors per year mark.",0,1
"July","ALB","The Portuguese beach soccerteam became world champions, beating Tahiti 5-3. The final was held in Espinho , Portugal, the host country that year.<br><br>This gives portugal visibility<br><br>At this point turism mainly comes from Portugal, Spain, and Great Britain; and most people in these countries book Resort Hotel.",0,1
"July","BWA","The Portuguese beach soccerteam became world champions, beating Tahiti 5-3. The final was held in Espinho , Portugal, the host country that year.<br><br>This gives portugal visibility<br><br>At this point turism mainly comes from Portugal, Spain, and Great Britain; and most people in these countries book Resort Hotel.",0,1
"July","CZE","The Portuguese beach soccerteam became world champions, beating Tahiti 5-3. The final was held in Espinho , Portugal, the host country that year.<br><br>This gives portugal visibility<br><br>At this point turism mainly comes from Portugal, Spain, and Great Britain; and most people in these countries book Resort Hotel.",0,1
"July","EST","The Portuguese beach soccerteam became world champions, beating Tahiti 5-3. The final was held in Espinho , Portugal, the host country that year.<br><br>This gives portugal visibility<br><br>At this point turism mainly comes from Portugal, Spain, and Great Britain; and most people in these countries book Resort Hotel.",0,1
"July","GRC","The Portuguese beach soccerteam became world champions, beating Tahiti 5-3. The final was held in Espinho , Portugal, the host country that year.<br><br>This gives portugal visibility<br><br>At this point turism mainly comes from Portugal, Spain, and Great Britain; and most people in these countries book Resort Hotel.",0,1
"July","HRV","The Portuguese beach soccerteam became world champions, beating Tahiti 5-3. The final was held in Espinho , Portugal, the host country that year.<br><br>This gives portugal visibility<br><br>At this point turism mainly comes from Portugal, Spain, and Great Britain; and most people in these countries book Resort Hotel.",0,1
"July","HUN","The Portuguese beach soccerteam became world champions, beating Tahiti 5-3. The final was held in Espinho , Portugal, the host country that year.<br><br>This gives portugal visibility<br><br>At this point turism mainly comes from Portugal, Spain, and Great Britain; and most people in these countries book Resort Hotel.",0,1
"July","IDN","The Portuguese beach soccerteam became world champions, beating Tahiti 5-3. The final was held in Espinho , Portugal, the host country that year.<br><br>This gives portugal visibility<br><br>At this point turism mainly comes from Portugal, Spain, and Great Britain; and most people in these countries book Resort Hotel.",0,1
"July","MAR","The Portuguese beach soccerteam became world champions, beating Tahiti 5-3. The final was held in Espinho , Portugal, the host country that year.<br><br>This gives portugal visibility<br><br>At this point turism mainly comes from Portugal, Spain, and Great Britain; and most people in these countries book Resort Hotel.",0,1
"July","NZL","The Portuguese beach soccerteam became world champions, beating Tahiti 5-3. The final was held in Espinho , Portugal, the host country that year.<br><br>This gives portugal visibility<br><br>At this point turism mainly comes from Portugal, Spain, and Great Britain; and most people in these countries book Resort Hotel.",0,1
"July","OMN","The Portuguese beach soccerteam became world champions, beating Tahiti 5-3. The final was held in Espinho , Portugal, the host country that year.<br><br>This gives portugal visibility<br><br>At this point turism mainly comes from Portugal, Spain, and Great Britain; and most people in these countries book Resort Hotel.",0,1
"July","SVN","The Portuguese beach soccerteam became world champions, beating Tahiti 5-3. The final was held in Espinho , Portugal, the host country that year.<br><br>This gives portugal visibility<br><br>At this point turism mainly comes from Portugal, Spain, and Great Britain; and most people in these countries book Resort Hotel.",0,1
"November","ARG","A <a href=""https://es.wikipedia.org/wiki/Atentados_de_Par%C3%ADs_de_noviembre_de_2015"">terrorist attack</a> takes place on Paris reducing turism globally due to fear. This decrease is specially noticeable in Great Britain which stops being the second country with most bookings.",1,0
"November","ARM","A <a href=""https://es.wikipedia.org/wiki/Atentados_de_Par%C3%ADs_de_noviembre_de_2015"">terrorist attack</a> takes place on Paris reducing turism globally due to fear. This decrease is specially noticeable in Great Britain which stops being the second country with most bookings.",0,1
"November","BGR","A <a href=""https://es.wikipedia.org/wiki/Atentados_de_Par%C3%ADs_de_noviembre_de_2015"">terrorist attack</a> takes place on Paris reducing turism globally due to fear. This decrease is specially noticeable in Great Britain which stops being the second country with most bookings.",1,0
"November","COL","A <a href=""https://es.wikipedia.org/wiki/Atentados_de_Par%C3%ADs_de_noviembre_de_2015"">terrorist attack</a> takes place on Paris reducing turism globally due to fear. This decrease is specially noticeable in Great Britain which stops being the second country with most bookings.",1,0
"November","CRI","A <a href=""https://es.wikipedia.org/wiki/Atentados_de_Par%C3%ADs_de_noviembre_de_2015"">terrorist attack</a> takes place on Paris reducing turism globally due to fear. This decrease is specially noticeable in Great Britain which stops being the second country with most bookings.",1,0
"November","GEO","A <a href=""https://es.wikipedia.org/wiki/Atentados_de_Par%C3%ADs_de_noviembre_de_2015"">terrorist attack</a> takes place on Paris reducing turism globally due to fear. This decrease is specially noticeable in Great Britain which stops being the second country with most bookings.",1,0
"November","IDN","A <a href=""https://es.wikipedia.org/wiki/Atentados_de_Par%C3%ADs_de_noviembre_de_2015"">terrorist attack</a> takes place on Paris reducing turism globally due to fear. This decrease is specially noticeable in Great Britain which stops being the second country with most bookings.",1,0
"November","KNA","A <a href=""https://es.wikipedia.org/wiki/Atentados_de_Par%C3%ADs_de_noviembre_de_2015"">terrorist attack</a> takes place on Paris reducing turism globally due to fear. This decrease is specially noticeable in Great Britain which stops being the second country with most bookings.",1,0
"November","KWT","A <a href=""https://es.wikipedia.org/wiki/Atentados_de_Par%C3%ADs_de_noviembre_de_2015"">terrorist attack</a> takes place on Paris reducing turism globally due to fear. This decrease is specially noticeable in Great Britain which stops being the second country with most bookings.",1,0
"November","LKA","A <a href=""https://es.wikipedia.org/wiki/Atentados_de_Par%C3%ADs_de_noviembre_de_2015"">terrorist attack</a> takes place on Paris reducing turism globally due to fear. This decrease is specially noticeable in Great Britain which stops being the second country with most bookings.",1,0
"November","NGA","A <a href=""https://es.wikipedia.org/wiki/Atentados_de_Par%C3%ADs_de_noviembre_de_2015"">terrorist attack</a> takes place on Paris reducing turism globally due to fear. This decrease is specially noticeable in Great Britain which stops being the second country with most bookings.",0,1
"November","PAN","A <a href=""https://es.wikipedia.org/wiki/Atentados_de_Par%C3%ADs_de_noviembre_de_2015"">terrorist attack</a> takes place on Paris reducing turism globally due to fear. This decrease is specially noticeable in Great Britain which stops being the second country with most bookings.",1,0
"November","SAU","A <a href=""https://es.wikipedia.org/wiki/Atentados_de_Par%C3%ADs_de_noviembre_de_2015"">terrorist attack</a> takes place on Paris reducing turism globally due to fear. This decrease is specially noticeable in Great Britain which stops being the second country with most bookings.",1,0
"November","SEN","A <a href=""https://es.wikipedia.org/wiki/Atentados_de_Par%C3%ADs_de_noviembre_de_2015"">terrorist attack</a> takes place on Paris reducing turism globally due to fear. This decrease is specially noticeable in Great Britain which stops being the second country with most bookings.",1,0
"November","SGP","A <a href=""https://es.wikipedia.org/wiki/Atentados_de_Par%C3%ADs_de_noviembre_de_2015"">terrorist attack</a> takes place on Paris reducing turism globally due to fear. This decrease is specially noticeable in Great Britain which stops being the second country with most bookings.",1,0
"November","SVN","A <a href=""https://es.wikipedia.org/wiki/Atentados_de_Par%C3%ADs_de_noviembre_de_2015"">terrorist attack</a> takes place on Paris reducing turism globally due to fear. This decrease is specially noticeable in Great Britain which stops being the second country with most bookings.",1,0
"November","THA","A <a href=""https://es.wikipedia.org/wiki/Atentados_de_Par%C3%ADs_de_noviembre_de_2015"">terrorist attack</a> takes place on Paris reducing turism globally due to fear. This decrease is specially noticeable in Great Britain which stops being the second country with most bookings.",1,0
"November","TUN","A <a href=""https://es.wikipedia.org/wiki/Atentados_de_Par%C3%ADs_de_noviembre_de_2015"">terrorist attack</a> takes place on Paris reducing turism globally due to fear. This decrease is specially noticeable in Great Britain which stops being the second country with most bookings.",1,0
"November","TWN","A <a href=""https://es.wikipedia.org/wiki/Atentados_de_Par%C3%ADs_de_noviembre_de_2015"">terrorist attack</a> takes place on Paris reducing turism globally due to fear. This decrease is specially noticeable in Great Britain which stops being the second country with most bookings.",1,0
"November","ZAF","A <a href=""https://es.wikipedia.org/wiki/Atentados_de_Par%C3%ADs_de_noviembre_de_2015"">terrorist attack</a> takes place on Paris reducing turism globally due to fear. This decrease is specially noticeable in Great Britain which stops being the second country with most bookings.",1,0
"November","ZWE","A <a href=""https://es.wikipedia.org/wiki/Atentados_de_Par%C3%ADs_de_noviembre_de_2015"">terrorist attack</a> takes place on Paris reducing turism globally due to fear. This decrease is specially noticeable in Great Britain which stops being the second country with most bookings.",0,1
"October","BGR","Great Britain surpases France in ammount of bookings, additionally, the ammount of people in Portugal going to resorts has increased slightly surpasing Great Britain.<br><br>The ammount of french people booking City Hotel grow increasing the disparities between the ammount of bookings between the two hotels.",1,0
"October","CPV","Great Britain surpases France in ammount of bookings, additionally, the ammount of people in Portugal going to resorts has increased slightly surpasing Great Britain.<br><br>The ammount of french people booking City Hotel grow increasing the disparities between the ammount of bookings between the two hotels.",0,1
"October","CRI","Great Britain surpases France in ammount of bookings, additionally, the ammount of people in Portugal going to resorts has increased slightly surpasing Great Britain.<br><br>The ammount of french people booking City Hotel grow increasing the disparities between the ammount of bookings between the two hotels.",1,0
"October","CYM","Great Britain surpases France in ammount of bookings, additionally, the ammount of people in Portugal going to resorts has increased slightly surpasing Great Britain.<br><br>The ammount of french people booking City Hotel grow increasing the disparities between the ammount of bookings between the two hotels.",0,1
"October","IRN","Great Britain surpases France in ammount of bookings, additionally, the ammount of people in Portugal going to resorts has increased slightly surpasing Great Britain.<br><br>The ammount of french people booking City Hotel grow increasing the disparities between the ammount of bookings between the two hotels.",1,0
"October","MKD","Great Britain surpases France in ammount of bookings, additionally, the ammount of people in Portugal going to resorts has increased slightly surpasing Great Britain.<br><br>The ammount of french people booking City Hotel grow increasing the disparities between the ammount of bookings between the two hotels.",0,1
"October","MMR","Great Britain surpases France in ammount of bookings, additionally, the ammount of people in Portugal going to resorts has increased slightly surpasing Great Britain.<br><br>The ammount of french people booking City Hotel grow increasing the disparities between the ammount of bookings between the two hotels.",1,0
"October","NZL","Great Britain surpases France in ammount of bookings, additionally, the ammount of people in Portugal going to resorts has increased slightly surpasing Great Britain.<br><br>The ammount of french people booking City Hotel grow increasing the disparities between the ammount of bookings between the two hotels.",0,1
"October","OMN","Great Britain surpases France in ammount of bookings, additionally, the ammount of people in Portugal going to resorts has increased slightly surpasing Great Britain.<br><br>The ammount of french people booking City Hotel grow increasing the disparities between the ammount of bookings between the two hotels.",0,1
"October","PRI","Great Britain surpases France in ammount of bookings, additionally, the ammount of people in Portugal going to resorts has increased slightly surpasing Great Britain.<br><br>The ammount of french people booking City Hotel grow increasing the disparities between the ammount of bookings between the two hotels.",0,1
"October","SGP","Great Britain surpases France in ammount of bookings, additionally, the ammount of people in Portugal going to resorts has increased slightly surpasing Great Britain.<br><br>The ammount of french people booking City Hotel grow increasing the disparities between the ammount of bookings between the two hotels.",1,0
"October","ZAF","Great Britain surpases France in ammount of bookings, additionally, the ammount of people in Portugal going to resorts has increased slightly surpasing Great Britain.<br><br>The ammount of french people booking City Hotel grow increasing the disparities between the ammount of bookings between the two hotels.",0,1
"October","ZMB","Great Britain surpases France in ammount of bookings, additionally, the ammount of people in Portugal going to resorts has increased slightly surpasing Great Britain.<br><br>The ammount of french people booking City Hotel grow increasing the disparities between the ammount of bookings between the two hotels.",0,1
"September","CHL","Tourism continues to grow, but resort bookings are decreasing in Portugal.<br><br>However, bookings from Great Britain have increase to the point that they have surpased Spain and have become the country with most Resort Hotel Bookings, even above Portugal.",0,1
"September","CMR","Tourism continues to grow, but resort bookings are decreasing in Portugal.<br><br>However, bookings from Great Britain have increase to the point that they have surpased Spain and have become the country with most Resort Hotel Bookings, even above Portugal.",1,0
"September","CPV","Tourism continues to grow, but resort bookings are decreasing in Portugal.<br><br>However, bookings from Great Britain have increase to the point that they have surpased Spain and have become the country with most Resort Hotel Bookings, even above Portugal.",1,0
"September","CRI","Tourism continues to grow, but resort bookings are decreasing in Portugal.<br><br>However, bookings from Great Britain have increase to the point that they have surpased Spain and have become the country with most Resort Hotel Bookings, even above Portugal.",1,0
"September","DZA","Tourism continues to grow, but resort bookings are decreasing in Portugal.<br><br>However, bookings from Great Britain have increase to the point that they have surpased Spain and have become the country with most Resort Hotel Bookings, even above Portugal.",1,0
"September","EGY","Tourism continues to grow, but resort bookings are decreasing in Portugal.<br><br>However, bookings from Great Britain have increase to the point that they have surpased Spain and have become the country with most Resort Hotel Bookings, even above Portugal.",1,0
"September","IDN","Tourism continues to grow, but resort bookings are decreasing in Portugal.<br><br>However, bookings from Great Britain have increase to the point that they have surpased Spain and have become the country with most Resort Hotel Bookings, even above Portugal.",1,0
"September","LIE","Tourism continues to grow, but resort bookings are decreasing in Portugal.<br><br>However, bookings from Great Britain have increase to the point that they have surpased Spain and have become the country with most Resort Hotel Bookings, even above Portugal.",1,0
"September","MOZ","Tourism continues to grow, but resort bookings are decreasing in Portugal.<br><br>However, bookings from Great Britain have increase to the point that they have surpased Spain and have become the country with most Resort Hotel Bookings, even above Portugal.",1,0
"September","OMN","Tourism continues to grow, but resort bookings are decreasing in Portugal.<br><br>However, bookings from Great Britain have increase to the point that they have surpased Spain and have become the country with most Resort Hotel Bookings, even above Portugal.",0,1
"September","PRI","Tourism continues to grow, but resort bookings are decreasing in Portugal.<br><br>However, bookings from Great Britain have increase to the point that they have surpased Spain and have become the country with most Resort Hotel Bookings, even above Portugal.",0,1
"September","SMR","Tourism continues to grow, but resort bookings are decreasing in Portugal.<br><br>However, bookings from Great Britain have increase to the point that they have surpased Spain and have become the country with most Resort Hotel Bookings, even above Portugal.",0,1
"September","THA","Tourism continues to grow, but resort bookings are decreasing in Portugal.<br><br>However, bookings from Great Britain have increase to the point that they have surpased Spain and have become the country with most Resort Hotel Bookings, even above Portugal.",0,1
"September","VEN","Tourism continues to grow, but resort bookings are decreasing in Portugal.<br><br>However, bookings from Great Britain have increase to the point that they have surpased Spain and have become the country with most Resort Hotel Bookings, even above Portugal.",1,0
